{
    "ios": {
        "1x": [320, 375, 414, 768, 1024, 272, 312, 667, 736, 568, 1366, 340, 390],
        "2x": [750, 640, 1334, 1136, 2048, 2732, 1536],
        "3x": [1242, 2208]
    },
    "web": {
        "1x": [320, 768, 1024, 1440, 1366, 1920, 1280],
        "2x": [2560, 2880]
    },
    "android": {
        "xxhdpi": [{
            "width": 1080,
            "height": 1920
        }, {
            "width": 1920,
            "height": 1080
        }],
        "mdpi": [{
            "width": 640,
            "heigth": 360
        }, {
            "width": 360
        }]
    }
}